{"cameraMode":{"drawMode":0,"name":"Shaded","section":"Shading Mode"},"sceneLighting":false,"audioPlay":false,"sceneViewState":{"m_AlwaysRefresh":false,"showFog":true,"showSkybox":false,"showFlares":true,"showImageEffects":true,"showParticleSystems":true,"showVisualEffectGraphs":true,"m_FxEnabled":true},"in2DMode":false,"pivot":{"x":0.023504167795181276,"y":0.7105766534805298,"z":0.14062261581420899},"rotation":{"x":0.00954283308237791,"y":0.8425503969192505,"z":0.014894372783601284,"w":-0.5382821559906006},"size":2.730415105819702,"orthographic":false}